Name,Rating,NumberOfUser,Address,lat,lon
Nakita Kopi & roastery,4.9,13,"Jl. Kesatrian X No.17, RT.11/RW.3, Kb. Manggis, Kota Jakarta Timur",-6.2061022,106.8502646
Kopi Alunan,4.8,9,"Jl. Manggarai Selatan IX No.68, RT.10/RW.1, Bukit Duri, Kota Jakarta Selatan",-6.2181086,106.8581856
NEGARA Kopi,5,7,"Pasar Jatinegara, RT.11/RW.3, Bali Mester, Kota Jakarta Timur",-6.2197057,106.8682505
Key Coffee,5,1,"Pasaraya Lantai Basement #48 #1, Jl. Sultan Agung, RT.2/RW.8, Manggarai, Kota Jakarta Selatan",-6.209157,106.847171
Koffie Nation Barista Course & Coffee Shop,4.6,11,"Epicentrum Walk, Jl. HR. Rasuna Said, RT.2/RW.5, Kuningan, Karet Kuningan, Kota Jakarta Selatan",-6.2175026,106.8347138
Common Grounds Coffee and Roastery,4.4,650,"Jl. KH Mas Mansyur, Citywalk Sudirman GF No.Kav. 121, RT.10/RW.11, Karet Tengsin, Kota Jakarta Pusat",-6.2091216,106.8182931
TOKO KOPI TUAMUDA,5,23,"Jl. Prof. DR. Satrio No.235, RT.2/RW.6, Kuningan, Karet Kuningan, Kota Jakarta Selatan",-6.2206881,106.8207929
Rosso Micro Roastery,4.8,9,"Sinarmas MSIG Tower, Lower Ground floor, Jl. Setiabudi Raya No.2, RT.10/RW.1 RT.10, RT.10/RW.1, Kuningan, Karet Kuningan, Kota Jakarta Selatan",-6.2105397,106.8224547
Housebrew Specialty Coffee & Roastery,0,0,"Indofood Tower, Sudirman Plaza, Jl. Jend. Sudirman No.76-78, RT.3/RW.3, Kuningan, Karet Kuningan, Kota Jakarta Selatan",-6.2086998,106.8223482
Anomali Coffee WTC 3,4.5,4,"Jl. Jend. Sudirman No.Kav. 29, RT.8/RW.3, Kuningan, Karet, Kota Jakarta Selatan",-6.2147985,106.8189348
Warung Kopi BANG ANCAH,4.9,94,"Jl. Bend. Hilir Gg. 2 No.5, RT.11/RW.1, Bend. Hilir, Kota Jakarta Pusat",-6.2143282,106.8133712
Fillmore Coffee,4.6,851,"Jl. H. Sidik No.7, RW.6, Kuningan, Karet Kuningan, Kuningan",-6.220361,106.8234589
Kopi Enak Indonesia,4.5,303,"Jl. Bendungan Hilir No.96, RT.13/RW.6, Bend. Hilir, Kota Jakarta Pusat",-6.2100427,106.812469
Kopi Kenangan - Sudirman Park,4.8,5,"Ruko Sudirman Park Blok B No. 1, GF, Jl. K.H. Mas Mansyur No.Kav.35, RT.12/RW.11, Karet Tengsin, Kota Jakarta Pusat",-6.2054908,106.8179922
Goedkoop,4.4,1793,"Jl. Bendungan Hilir No.62, RT.5/RW.1, Bend. Hilir, Kota Jakarta Pusat",-6.2128838,106.8127817
Otten Coffee Citywalk Sudirman,4.2,5,"Citywalk Sudirman, Lantai G, Unit 22-23, Jl. K.H. Mas Mansyur No.121, RT.10/RW.11, Karet Tengsin, Kota Jakarta Pusat",-6.209024,106.8183992
Skywalker Coffee,4.2,19,"Jl. K.H. Mas Mansyur Kav. 126, Jakarta, TCC Batavia Tower 1 Lantai P3/7, Karet Tengsin, Kota Jakarta Pusat",-6.211207,106.816412
KLTR Jakarta,4.6,699,"Jl. K.H. Mas Mansyur No.Kav. 24, RT.12/RW.11, Karet Tengsin, Kota Jakarta Pusat",-6.207624,106.817744
Casa Kopi,4.6,175,"Jl. Penjernihan IV Jl. Pejompongan Dalam No.9, RT.12/RW.5, Bend. Hilir, Kota Jakarta Pusat",-6.2063225,106.8043295
Coffeedential To Go! Palmerah,4.2,28,"Bentara Budaya Jakarta, Jl. Palmerah Sel. No.17, RT.4/RW.2, Gelora, Kota Jakarta Pusat",-6.2102332,106.795501
Item Manis Coffee,4.9,17,"Grand ITC Permata Hijau Blok Sapphire No. 16, Jl. Arteri Permata Hijau, RT.7/RW.10, Grogol Utara, Kota Jakarta Selatan",-6.2203611,106.7827793
KiRBi KoPi - Kemanggisan,4.7,20,"Jl. Kyai H. Syahdan No.13C, RT.6/RW.12, Palmerah, Kota Jakarta Barat",-6.2008293,106.7831207
Portal Coffee To Go & Roastery,4.7,28,"Jl. Panjang Arteri Klp. Dua Raya No.28B,RT 07/05, RT.7/RW.5, Kelapa Dua, Kota Jakarta Barat",-6.2099322,106.7707999
Mazea Coffee & Roastery,0,0,"Jl. Joglo Raya No.69, RT.6/RW.2, Joglo, Jakarta",-6.2196892,106.7255575
Yakunu Coffee & Roastery,4.7,7,"Jl. Tebet Tim. Dalam XI No.61A, RT.7/RW.6, Tebet Tim., Kota Jakarta Selatan",-6.2371913,106.8584156
Kopikina Coffee Roaster,4.4,1579,"Jl. Tebet Timur Dalam Raya No.43, RT.1/RW.8, Tebet Tim., Kota Jakarta Selatan",-6.239272,106.8562309
Sleepless Owls Coffee & Street Food,4.3,2509,"Jl. Tebet Utara Dalam No.27, Tebet Tim., Kota Jakarta Selatan",-6.2259945,106.8547286
CoPaste Coffee Roastery,4.4,262,"Jl. Tebet Barat Dalam Raya No.RT. 13, RT.13/RW.2,Tebet Barat, Kota Jakarta Selatan",-6.231945,106.845836
Lucky Cat coffee & kitchen,4.5,3289,"Parkir Selatan Plaza Festival, Jl. H. R. Rasuna Said No.C22, RT.2/RW.5, Karet Kuningan, Kota Jakarta Selatan",-6.2213856,106.8337835
Upnormal Coffee Express Ariobimo,4.7,21,"Ariobimo Sentral, Jl. H. R. Rasuna Said No.Kav X-2 No. 5, RT.9/RW.4, Kuningan Tim., Kota Jakarta Selatan",-6.2275326,106.8336564
Crematology x Senopati,4.4,1515,"Jl. Suryo No.25, RT.3/RW.6, Rw. Bar., Kota Jakarta Selatan",-6.2353921,106.813797
Matriks Coffee Roasters,4.6,93,"l, Jl. Matrik No.3B, RT.6/RW.2, Karet Semanggi, Kota Jakarta Selatan",-6.2254896,106.8213454
Monochrome Coffee Guild,4.3,54,"Lippo Mall, Jl. Kebalen V No.36, RT.11/RW.5, Bangka, Kota Jakarta Selatan",-6.2345689,106.817679
Toko Kopi TUKU - Pasar Santa,4.7,532,"Pasar Santa, Lantai Dasar, Kiosk 176-177, Jl. Cipaku I No.2, RW.4, Petogogan, Kota Jakarta Selatan",-6.2400682,106.8120412
Tanamera Coffee & Roastery Sopo Del,4.6,40,"Jl. Mega Kuningan Barat III, RT.5/RW.5, Kuningan, Kota Jakarta Selatan",-6.2305883,106.8239267
Otten Coffee Senopati,4.7,586,"Jl. Senopati No.77, Selong, Kota Jakarta Selatan",-6.2327709,106.812004
Toko dunia kopi dan plastik,4.9,60,"Santa Modern Market Lt. Semi Basement, Jl. Cipaku I, RT.5/RW.4, Petogogan, Kota Jakarta Selatan",-6.2399791,106.8120132
KOPI INI BLOK S,4.4,51,"No, Jl. Birah Raya No.10, RT.5/RW.6, Rw. Bar., Kota Jakarta Selatan",-6.2358853,106.8148843
Arka Coffee - Pasar Santa,4.6,53,"Pasar Santa Lantai 1 Los AKS 33-35, Jl. Cipaku I, RT.5/RW.4, Petogogan, Kota Jakarta Selatan",-6.2398159,106.812228
KAPYC COFFEE AND ROASTERY,4.6,95,"Jl. Taman MPU Sendok, Jl. Senopati No.3, RT.8/RW.3, Selong, Kota Jakarta Selatan",-6.2315182,106.8104107
Tanamera Coffee Pacific Place,4.5,760,"One Pacific Place Lobby One Level B1, Jalan Jenderal Sudirman Kav. 52-53 SCBD, Senayan, Kebayoran Baru, RT.5/RW.3, Senayan, Kota Jakarta Selatan",-6.2237554,106.80966
Chief Coffee Jakarta,4.5,649,"Jl. Ciragil I No.11, Rw. Bar., Kota Jakarta Selatan",-6.238081,106.808875
KUPPIE Coffee & Roastery,4.6,39,"STC Senayan GF/56 Jalan Asia Afrika Pintu IX Gelora Senayan, RT.1/RW.3, Gelora, Kota Jakarta Pusat",-6.227721,106.798773
Anomali Coffee FX Sudirman,4.6,9,"Jl. Jend. Sudirman No.1, RT.1/RW.3, Gelora, Kota Jakarta Pusat",-6.2247781,106.8041132
Ragil Coffee & Roastery,4.6,115,"Jl. Daksa I No.11, Selong, Kota Jakarta Selatan",-6.2347588,106.8071713
"1/15 Coffee, Senopati",4.5,164,"Jl. Senopati No.61, RT.8/RW.3, Selong, Kota Jakarta Selatan",-6.2322201,106.8112238
NITRO COFFEE,4.4,710,"Jl. Ciranjang No.10, RT.1/RW.1, Rw. Bar., Kota Jakarta Selatan",-6.2378175,106.8112885
Bukanagara Coffee & Roastery,4.7,52,"Graha CIMB Niaga, Jl. Jend. Sudirman, RT.5/RW.3, Senayan, Kota Jakarta Selatan",-6.2256983,106.806466
Sleepyhead Coffee,4.4,386,"Jl. Gunawarman No.63, RT.3/RW.7, Rw. Bar., Kota Jakarta Selatan",-6.237525,106.8074722
That's Life Coffee,4.3,217,"Jl. Gunawarman No. 24 Lantai 2, RT.5/RW.2, Selong, Kota Jakarta Selatan",-6.236551,106.807472
Anomali Coffee Pakubuwono,4.5,558,"Khusus, Jl. Pakubuwono VI No.57, RT.11/RW.2, Gunung, Kebayoran Baru,Jakarta",-6.2375917,106.7869949
First Crack Coffee,4.6,308,"Jl. Bumi No.10, RT.2/RW.3, Gunung, Kota Jakarta Selatan",-6.2371348,106.7899476
Singgah Kitchen & Coffee,4.6,27,"Jl. Pakubuwono VI No.2, RT.1/RW.4, Gunung, Kota Jakarta Selatan",-6.2352069,106.7924122
Mat Kopi 2 / Roastery,4.6,35,"RT.16/RW.9, Cipulir, Kota Jakarta Selatan",-6.233532,106.7713661
Mura Kedai Kopi,4.6,284,"Jl. Panjang No.7, RT.1/RW.8, Cipulir, Kota Jakarta Selatan",-6.2352713,106.7721422
Mat Kopi Cidodol (pusat),4.9,32,"Jalan Panjang Cipulir,Pasar Cidodol Blok A. LOO. AKS. 087, RT.16/RW.9, Cipulir, Kota Jakarta Selatan",-6.233313,106.7714228
Lulacky Lacassava,4.3,111,"Jl. Damai Jl. Sunan Kalijaga Tim. II No.15, RT.01/RW.004, Larangan Indah, Kota Tangerang",-6.229948,106.727679
Upnormal Coffee Roasters Kalibata,4.4,680,"Kalibata City Square, Unit LG-Mall dan GF-Tower K, Jl. Raya Kalibata No.1, RW.4, Rawajati,Kota Jakarta Selatan",-6.2563714,106.8516601
BUTIR KOPI,4.9,44,"Jl. TMP kalibata no. 1 Apartemen Kalibata City Tower Akasia, RT.9/RW.4, Rawajati, Kota Jakarta Selatan",-6.256689,106.8537093
MUG Authentic Coffee Atjeh - Kalibata,4.6,217,"Jl. Kalibata Raya No. 1 Kalibata City Apartment, Tower Kemuning GF AT-K CT K9-10, RT.9/RW.4, Rawajati, Kota Jakarta Selatan",-6.2572684,106.8521429
Shoot Me In The Head Coffee Bar and Roastery,4.5,680,"Jl. Duren Tiga Raya No.19, RT.8/RW.5, Duren Tiga, Kota Jakarta Selatan",-6.2538614,106.8323086
Pentatonic Coffee,4.5,43,"Jl. Bangka XI No.18, RT.6/RW.1, Bangka, Kota Jakarta Selatan",-6.2546814,106.8168756
Upnormal Coffee Roasters Kemang Raya,4.4,245,"Jl. Kemang Raya No.9, RT.1/RW.7, Bangka, Kota Jakarta Selatan",-6.2551126,106.811372
Kopi Kosan,4,1,"Santa Modern Market, Lantai 1, BKS-063, Jl. Cisanggiri II No.RT.5, RT.5/RW.4, Petogogan, Kota Jakarta Selatan",-6.2398602,106.8120361
Tanamera Coffee & Roastery Kemang,4.7,299,"Jl. Taman Kemang 1 No.6, RT.14/RW.1, Bangka, Kota Jakarta Selatan",-6.2558055,106.8099748
Harapan Djaya Coffee Roasters,4.6,358,"Jl. Panglima Polim V No.36, RT.1/RW.7, Melawai, Kota Jakarta Selatan",-6.2506194,106.797925
Filosofi Kopi Melawai,4.5,6083,"Kawasan Terpadu Blok M Square, Jl. Melawai 6 No.1, RT.3/RW.1, Melawai, Kota Jakarta Selatan",-6.2445222,106.7997922
Warung Kopi Mendem Irenk,4.9,122,"Cililin no. 12, Jl. Cililin No.12, RT.15/RW.6, Petogogan, Kota Jakarta Selatan",-6.2413749,106.8083505
Abdinagri Coffee & Roastery,0,0,"Jl. Wijaya I No.7, RW.4, Petogogan, Kota Jakarta Selatan",-6.2447358,106.8101006
Kopi Kalyan,4.5,1994,"Jl. Cikajang No.61, RT.7/RW.5, Petogogan, Kota Jakarta Selatan",-6.2432904,106.8091507
Sagaleh,4.5,378,"Jl. Sungai Sambas VI No.7, RT.6/RW.5, Kramat Pela, Kota Jakarta Selatan",-6.2465176,106.7972166
Kopi Nalar,4.5,1302,"Jl. Prof. Joko Sutono SH No.7, RT.14/RW.6, Petogogan, Kota Jakarta Selatan",-6.242093,106.8079145
KOPI SANA,4.4,294,"Jl. Panglima Polim V No.38, RT.1/RW.7, Melawai, Jakarta",-6.250697,106.79797
KOLO Kopi Lokal,4.6,627,"Jl. Wijaya II No.56, Melawai, Kota Jakarta Selatan",-6.2513889,106.8027778
Saksama coffee,4.7,20,"Jl. Panglima Polim II No.32 C, RT.3/RW.3, Melawai, Kota Jakarta Selatan",-6.251127,106.801242
Monochrome,4.2,5,"1 No. Jalan Kemang Raya No. 75, RT.13/RW.1, Bangka, Kota Jakarta Selatan",-6.255416,106.812314
Tanamera Coffee & Roastery Ahmad Dahlan,4.4,1370,"Jl. KH. Ahmad Dahlan Kby. No.16, RW.1, Kramat Pela, Kota Jakarta Selatan",-6.2458942,106.7918392
Kopi Muja,4.4,121,"Jl. Ahmad Dahlan No.18, RT.14/RW.1, Kramat Pela, Kota Jakarta Selatan",-6.246042,106.791758
"1/15 Coffee, Gandaria",4.4,1632,"Jl. Gandaria 1 No.63, RT.2/RW.3, Kramat Pela, Kota Jakarta Selatan",-6.2481153,106.7903549
Kopi Kalyan,4.6,1097,"Jl. Barito II No.19, RT.4/RW.7, Kramat Pela, Kota Jakarta Selatan",-6.2438303,106.7933652
Coffeedential To Go! Kby Baru,4.5,32,"Inside Ann's Bakehouse, Jl. Sungai Sambas 3 No.12, RW.5, Kramat Pela, Jakarta",-6.2474788,106.7953008
Kopi Pak Wawan,4.9,15,"Jl. Raya Pasar Minggu No.17a, RT.1/RW.3, Pejaten Bar., Kota Jakarta Selatan",-6.2719688,106.8463485
Anomali Coffee Kemang,4.4,1205,"Jl. Kemang Raya No.72, RW.2, Bangka, Kota Jakarta Selatan",-6.2673739,106.8154768
Merdeka Coffee,5,2,"JL. Kemang Selatan 1, Kemang, RT.8/RW.3, Bangka, Kota Jakarta Selatan",-6.2652121,106.8205555
CHIEF COFFEE - KEMANG,4.6,389,"Jl. Kemang Raya No.27 D, Bangka, Kota Jakarta Selatan",-6.2601111,106.8154583
Java Soul Coffee,4.7,58,"Jalan Kemang Timur N. 50E, RT.7/RW.3, RW7, Bangka, Kota Jakarta Selatan",-6.2662808,106.8238744
Kedai Kopi Sigli,4.3,48,"Jl. Kemang Raya No.18B, RW.5, Bangka, Kota Jakarta Selatan",-6.2589991,106.8150265
Goni Coffee,4.6,322,"Jl. Kemang Timur Raya No. 78CD, RT.4/RW.3, Bangka, Kota Jakarta Selatan",-6.270276,106.8238288
"1/15 Coffee, Kemang",4.5,405,"Jl. Kemang Raya No.37, Bangka, Kota Jakarta Selatan",-6.2620715,106.8159347
Keep on Going Coffee Roaster,0,0,"Jl. Abdul Majid Raya No.14A, RT.4/RW.5, Cipete Utara, Kota Jakarta Selatan",-6.2664597,106.8002448
Kopi Boutique Roastery,4.6,250,"Jl. Puri Sakti Buntu 1 Jl. Pangeran Antasari No.36, RT.1/RW.1, Cipete Sel., Kota Jakarta Selatan",-6.2726945,106.8084195
Little 3K Coffee Roastery,5,3,"Jl. Wahyu II No.6H, RT.1/RW.5, Gandaria Sel., Kota Jakarta Selatan",-6.2741988,106.7965496
Dikolom Coffee,4.4,195,"Jl. Puri Sakti I No.26A, RW.6, Cipete Sel., Kota Jakarta Selatan",-6.2729309,106.809672
Wisangkopi,4.7,412,"Jl. Abdul Majid Raya No.67, RT.4/RW.11, Cipete Utara, Kota Jakarta Selatan",-6.265883,106.808089
Janji Manis,3.3,4,"Jl. Pangeran Antasari No.9B, RT.13/RW.2, Cipete Sel., Kota Jakarta Selatan",-6.271062,106.8084049
Honey Beans Coffee & Roastery,4.7,53,"Jl. Sultan Iskandar Muda No.17 A, RT.12/RW.9, Kby. Lama Sel., Kota Jakarta Selatan",-6.258959,106.782023
Anomali Coffee Pondok Indah,4.5,534,"Jalan Margaguna Raya No 21, Pondok Pinang, Kebayoran Lama, RT.1/RW.16, Pd. Pinang, Jakarta",-6.2626227,106.7842941
PT Quintino's Djava,4.4,26,"Jalan Bri Radio Dalam No.99 1 15, RT.1/RW.15, Gandaria Utara, Kota Jakarta Selatan",-6.2588353,106.7891247
Smoking Barrels Craft Coffee,4.8,75,"Ruko Plaza Marga Guna No.3, Jl. Radio Dalam Raya No.RT.3, RT.3/RW.11, Gandaria Utara, Kota Jakarta Selatan",-6.262626,106.788303
Portal Coffee,4.5,140,"Jl. Bri Radio Dalam No.48, RT.3/RW.15, Gandaria Utara, Kota Jakarta Selatan",-6.260053,106.7889752
Common Grounds,4.3,97,"PIM 2, Lantai 3, unit 327, Jl. Metro Pondok Indah No.kav.4, RT.1/RW.16, Pondok Indah, Kota Jakarta Selatan",-6.2656478,106.7827273
Blacklisted Coffee Street Gallery,4.2,75,"Pd. Indah Mall Street Gallery, Jl. Metro Pondok Indah, RT.1/RW.16, Pd. Pinang, Kota Jakarta Selatan",-6.2672255,106.7839921
Upnormal Coffee Roasters RC Veteran,4.3,265,"Jl. RC. Veteran Raya No.2B, RT.1/RW.6, Bintaro, Kota Jakarta Selatan",-6.2704163,106.7649527
TEPI Kopi,4.6,203,"Jl. Ciputat Raya No.9, RT.1/RW.1, Pd. Pinang, Kota Jakarta Selatan",-6.2681967,106.7748347
TABBOT KOFFIE SHOP,4.7,165,"Jalan Taman Bintaro Barat, Blok B3 / 1 NO. 8, RT.8/RW.008, Bintaro, Pesanggrahan, RT.8/RW.8, Bintaro, Kota Jakarta Selatan",-6.268814,106.7538175
Toko Kopi TUKU - Bintaro,4.7,1249,"Jl. Taman Bintaro Barat No.8, RW.8, Bintaro, Kota Jakarta Selatan",-6.2697514,106.7545219
Senjawa Koffie,4.7,57,"Jl. Pd. Betung Raya No.6, Pd. Karya, Kota Tangerang Selatan",-6.260785,106.747226
Pigeonhole Coffee,4.4,854,"Jalan Bintaro Utara Raya Blok P2 No.1 6, RT.6/RW.8, Bintaro, Kota Jakarta Selatan",-6.271019,106.751787
Bakoel Koffie Head Office,4.3,10,"Jl. Bintaro Utama 3 Blok AP No.57, Pd. Betung, Kota Tangerang Selatan",-6.273182,106.746181
Kunanti Kopi,4.5,96,"Jl. Bintaro Taman Barat sektor 1 J1 no. 4, RT.14/RW.8, Bintaro, Kota Jakarta Selatan",-6.2700255,106.7548013
Koffie Bakoel Bintaro,4.4,644,"Jl. Wahid Hasyim, Pd. Jaya, Kota Tangerang Selatan",-6.2727465,106.7241162
KOCIL Specialty Coffee Sunday Market,4.4,107,"Jl. Salihara No.16, RT.11/RW.1, Jati Padang, Jakarta",-6.2839113,106.8380741
Warung Angguai Kopi,4.6,89,"WARUNG ANGGUAI KOPI, Jl. Raya Jatipadang No.1, RT.7/RW.9, Jati Padang, Kota Jakarta Selatan",-6.2877864,106.8293336
PT. JPW Indonesia,4.4,106,"Kavling Polri Ampera, Jl. B1 No.24, RT.2/RW.3, Ragunan, Kota Jakarta Selatan",-6.2831539,106.822917
Hastha Coffee,4.7,12,"jalan warung jati barat no. 12 commercial area lantai 1 unit C, Gardenia Boulevard, RT.2/RW.5, Jati Padang, Pasar Minggu, RT.2/RW.5, Jati Padang, Kota Jakarta Selatan",-6.2839293,106.827041
KOPI KREN #kren001,4.9,77,"Jl. Pejaten Barat III, RT.6/RW.8, Pejaten Bar., Kota Jakarta Selatan",-6.2770232,106.8268744
GOAT COFFEE,4.8,21,"Jl. Benda No.10, RT.11/RW.4, Cilandak Tim., Kota Jakarta Selatan",-6.2748905,106.8159713
Gerilya Coffee and Roastery,4.5,421,"Jalan Banjarsari I No.8A, RT.1/RW.8, Cilandak Barat, Cilandak, RT.1/RW.8, Cilandak Barat, Kota Jakarta Selatan",-6.291926,106.794429
Toko Kopi TUKU - Cipete,4.6,2731,"Jl. Cipete Raya B No.7, Cipete Sel., Kota Jakarta Selatan",-6.2775998,106.8014679
SRSLY COFFEE,4.4,864,"7, Jl. Cipete Raya No.7 C, RW.3, Cipete Sel., Kota Jakarta Selatan",-6.2778692,106.8056904
Kedai Kopi Guyon,4.7,357,"Jl. RS. Fatmawati Raya No.22A, Cipete Sel., Kota Jakarta Selatan",-6.274879,106.7978614
Kopi Bukanagara,4,5,"Jl. RS. Fatmawati Raya No.20C, RT.5/RW.3, Cilandak Bar., Kota Jakarta Selatan",-6.2813141,106.7964317
Pikul Coffee & Roastery,4.4,346,"Ruko Plaza 5 Bl. B, Jl. Cipete Raya No.7A, RW.4, Cipete Sel., Kota Jakarta Selatan",-6.2775161,106.799858
Dua Coffee Shop @cipete,4.5,1684,"Jl. Cipete Raya No.66, RW.4, Cipete Sel., Kota Jakarta Selatan",-6.2778039,106.8005218
commonroom coffee,4.5,153,"Jl. Cilandak Tengah Raya No.1, RT.2/RW.1, Cilandak Bar., Kota Jakarta Selatan",-6.290338,106.801532
Kreasi Kopi (KOPI KIND),5,3,"Jl. M.P.R Raya No.18, RT.3/RW.11, Cilandak Bar., Kota Jakarta Selatan",-6.2805193,106.8042101
Jakarta Coffee House (JCH),4.5,693,"Jl. Cipete Raya No.2, RT.8/RW.4, Cipete Sel., Kota Jakarta Selatan",-6.2781196,106.804458
Kopi Kitchen,3.9,43,"Jl. Pangeran Antasari NO.36Lt.UG Unit OD 07 Lippo Mall, RT.10/RW.1, Bangka, Kota Jakarta Selatan",-6.2879136,106.8080935
Kens Coffee & Roastery,4.6,25,"Jl. Lb. Bulus Raya 1 No.10, RT.: 6/RW.: 1, Lb. Bulus, Jakarta",-6.2936813,106.7823648
Red Spatula Jakarta,4.9,29,"Jl. H. Batong Raya No.56, RW.6, Cilandak Bar., Kota Jakarta Selatan",-6.2857418,106.7901483
Kopi Janji Jiwa Poins Square,4.2,6,"Di depan Restoran A&W, Jl. R.A. Kartini No. 1 Poins Square Shopping Mall Ground Floor CT/ No. 53 & 55, RT.9/RW.7, Lb. Bulus, Kota Jakarta Selatan",-6.2899462,106.7781514
Kopi FISI Cafe,4.6,82,"Jl. H. Batong Raya No.7b, RT.3/RW.6, Cilandak Bar., Kota Jakarta Selatan",-6.2848123,106.7901533
kopi,4.6,7,"Jl. Rempoa Raya No. 20 C Ruko Dekha Tour, Rempoa, Kota Tangerang Selatan",-6.278184,106.762135
KAKAK ADIK KOPI,4.2,21,"Jl. Pahlawan No.17, RW.7, Rempoa, Kota Tangerang Selatan",-6.2788807,106.7618934
Louie Coffee,4.5,335,"Jl. Ciputat Raya No.5, RT.4/RW.7, Pd. Pinang, Kota Jakarta Selatan",-6.2773886,106.7729336
Pinus Coffee,4.6,21,"Jalan Jalak II Blok AII No.13, Rengas, Ciputat Timur, Rengas, Kota Tangerang Selatan",-6.279106,106.745229
Moore's Coffee & Roastery,0,0,"Jl. H. Khacit No.100, RT.2/RW.9, Rengas, Kota Tangerang Selatan",-6.2802445,106.7537276
Upnormal Coffee Roasters Bintaro Sektor 7,4.1,1063,"Jl. Jend. Sudirman, Pd. Jaya, Kota Tangerang Selatan",-6.2783003,106.7210396
Upnormal Coffee Roasters Mall Cijantung,4.4,59,"Jl. Pendidikan No.1, RT.1/RW.4, Cijantung, Kota Jakarta Timur",-6.3127198,106.8618402
Sipirock Coffee,4.2,380,"Ruko Galeri Niaga Kav. KM8-1, Jl. T. B. Simatupang No. 81, Tanjung Barat, RT.3/RW.2, Tanjung Barat, RT.3/RW.2, Tj. Bar., Kota Jakarta Selatan",-6.3044196,106.8461604
Kopi Untuk Pelaminan,4.5,2,"Apartemen Kebagusan City, Tower C KC36, Jl. Baung, RT.2/RW.3, Kebagusan, Kota Jakarta Selatan",-6.3077155,106.8354147
PYRO Coffee House & Roastery,4.5,66,"Jl. RS. Fatmawati Raya No.96, RW.4, Cilandak Bar., Kota Jakarta Selatan",-6.3019562,106.7949166
PHILOCOFFEE,4.6,175,"Jl. Pd. Labu I No.10, RT.2/RW.7, Pd. Labu, Kota Jakarta Selatan",-6.3052623,106.7931772
Toko Kopi TUKU - Karang Tengah,4.7,204,"Jl. Karang Tengah Raya No.16, RT.2/RW.3, Lb. Bulus, Kota Jakarta Selatan",-6.3109176,106.7813027
Kedai Kopi Kulo Fatmawati,4.6,33,"Jl. RS. Fatmawati Raya No.11, RT.8/RW.7, Pd. Labu, Kota Jakarta Selatan",-6.3018261,106.7947104
Toko Kopi Merpati (Munyang Datu Coffee Roastery),5,2,"Jl. Merpati Raya, Sawah Baru, Kota Tangerang Selatan",-6.2978288,106.7337034
EMOTIKOPI,5,26,"Jl. H. Hasan No.33A, RT.2/RW.2, Baru, Kota Jakarta Timur",-6.3273375,106.8501632
Kopi Sondang,4.7,79,"Jl. Agung Raya I No.39D, RT.9/RW.2, Lenteng Agung, Kota Jakarta Selatan",-6.3238425,106.8377277
Toko Kopi Seduh - Jagakarsa (Forest View),4.5,253,"Jl. Durian No.15, Jagakarsa, Kota Jakarta Selatan",-6.321848,106.8140823
Two d Coffee Roastery,4.6,397,"Jl. Mochammad Kahfi 1 Jl. Kp. Kandang No.26B, RT.10/RW.6, Jagakarsa, Kota Jakarta Selatan",-6.3183896,106.8112703
Ladang Coffee,4.4,656,"Jl. Paso No.168, RW.4, Jagakarsa, Kota Jakarta Selatan",-6.3161954,106.8142987
Teritori Kopi,4.5,71,"Jl. Sagu No.81, RT.11/RW.7, Jagakarsa, Kota Jakarta Selatan",-6.3169465,106.8180596
Epikurian Unbreakable Coffee & Roastery,4.5,52,"Jl. H. Abdul Karim No.24, RT.3/RW.3, Jagakarsa, Kota Jakarta Selatan",-6.3226584,106.8260257
KULTUR JARINGAN KOPI,4.5,426,"Jl. Kalisari No.4, RW.1, Kalisari, Kota Jakarta Timur",-6.336482,106.8549042
"Kedai Kopi Kulo, Cijantung",4.3,87,"Jl. Kalisari II No.40, RW.2, Kalisari, Kota Jakarta Timur",-6.3387918,106.8547652
Milenial Coffee & Roastery,4.6,16,"Jl. Raya Lenteng Agung (jalur lambat arah Depok) No: 24, RT.5/RW.8, Lenteng Agung, Kota Jakarta Selatan",-6.3391499,106.8357593
"de Ngokow Coffee Box & Roastery Kahfi 2, Jagakarsa",4.5,62,"Jl. Moch. Kahfi II No.54B, RT.7/RW.8, Srengseng Sawah, Kota Jakarta Selatan",-6.3435675,106.8171515
Pokta Kopi,4.7,86,"Jl. Wr. Sila No.111, Cipedak, Kota Jakarta Selatan",-6.3460955,106.8113542
Riel Kopi & Roastery,3.8,6,"Jl. H. Mendik, Gandul, Kota Depok",-6.3448406,106.7938524
Kohwa Coffeehouse,4.7,45,"Jl. Pajajaran Raya No.105, Pamulang Bar., Kota Tangerang Selatan",-6.3379935,106.7397342
Kopi Bolank (Pasar Kita Pamulang),4.8,20,"Pamulang Barat, Pamulang Barat, Tangerang Selatan",-6.3411198,106.737751
Isengopi,4.9,73,"Jl. K.H.M. Usman No.47, Kukusan, Kota Depok",-6.361203,106.816613
210 Roastery,4.8,67,"Jl. Moh. Kahfi 1 No.8, Cipedak, Kota Depok",-6.3636663,106.8038866
Tagetto Coffee Roastery,4.7,111,"Jalan Lingga Blok G no 245 PERUMAHAN MEGAPOLITAN CINERE ESTATE, Cinere, Kota Depok",-6.3492159,106.7807573
Olâ€™ Pops Coffee Cinangka,4.6,457,"Jl. Pendidikan No.77, Cinangka, Kota Depok",-6.3749273,106.7592154
Kopi Kenangan - Cityplaza Jatinegara,4.5,43,"Cityplaza Jatinegara, Jl. Matraman Raya, RT.7/RW.6, Bali Mester, Kota Jakarta Timur",-6.2139892,106.8643821
Kopi Kenangan - Epicentrum Walk,4.6,22,"Kawasan Rasuna Epicentrum, Ground Floor, Jl. HR. Rasuna Said, RT.2/RW.5, Karet Kuningan, Kota Jakarta Selatan",-6.2182788,106.8349515
Kopi Kenangan - Menara Kuningan,4,2,"Menara Kuningan, LG ""Area Foodcourt, Jl. H. R. Rasuna Said No.Kav. 5, RT.6/RW.7, Kuningan, Karet Kuningan, Kota Jakarta Selatan",-6.2184332,106.8306344
Kopi Kenangan - Setiabudi One,4.2,49,"Setiabudi One, Jl. H. R. Rasuna Said No.Kav. 62, RT.18/RW.2, Kuningan, Karet Kuningan, Kota Jakarta Selatan",-6.2152989,106.8300507
Kopi Kenangan - Plaza Festival,4.1,45,"Plaza Festival Mall Kuningan Epicentrum, Jl. H. R. Rasuna Said No.22, RT.2/RW.5, Karet Kuningan, Kota Jakarta Selatan",-6.2213651,106.8330346
Kopi Kenangan - Plaza Kuningan,0,0,"Plaza Kuningan, Level Ground, Jl. H. R. Rasuna Said, RT.2/RW.5, Karet Kuningan, Kota Jakarta Selatan",-6.2168441,106.8314647
Kopi Kenangan - BP Jamsostek,4.4,13,"BP Jamsostek, Jl. Setia Budi Utara Raya, RT.5/RW.1, Kuningan, Setia Budi, Kota Jakarta Selatan",-6.2073349,106.8287456
Kopi kenangan,0,0,"No.Kav C22 Jl. H. R. Rasuna Said No.Kav X-6 No. 8, RT.2/RW.5, Karet Kuningan, Kota Jakarta Selatan",-6.2216056,106.8328035
Kopi Kenangan - Plaza Semanggi,4.6,45,"Plaza Semanggi, Jl. Jend. Sudirman No.1, RT.1/RW.4, Karet Semanggi, Kota Jakarta Selatan",-6.2200243,106.8146692
Kopi Kenangan - Wisma KEIAI,5,5,"Wisma KEIAI, Jl. Jend. Sudirman No.Kav 5, RT.10/RW.11, Karet Tengsin, Kota Jakarta Pusat",-6.2060014,106.8215641
Kopi Kenangan - Sahid Food StrEAT,4.2,55,"Sahid Food StrEAT Sahid City, Jl. Jend. Sudirman, RT.10/RW.11, Karet Tengsin, Kota Jakarta Pusat",-6.2102039,106.819438
Kopi Kenangan - Citywalk Sudirman,3.8,11,"Citywalk Sudirman, Lantai 2,, Jl. K.H. Mas Mansyur No.Kav 121,, RT.10/RW.11, Karet Tengsin, Kota Jakarta Pusat",-6.2089276,106.818054
Kopi Kenangan - Mangkuluhur City,5,2,"Hana Lounge, Mangkuluhur City D, Jl. Gatot Subroto No.Kav. 1-3, RT.1/RW.4, Karet Semanggi, Kota Jakarta Selatan",-6.2210217,106.8142779
Kopi Kenangan - Wisma BNI 46,4.3,3,"Wisma BNI 46, Jl. Jend. Sudirman No.Kav 1, RT.6/RW.8, Karet Tengsin, Kota Jakarta Pusat",-6.2035021,106.8200111
Kopi kenangan,0,0,"Jl. Bek Murad No.36, RW.1, Kuningan, Karet Kuningan, Kota Jakarta Selatan",-6.2163182,106.8201553
Kopi Kenangan - Standart Chartered,0,0,"Standart Chartered, GF, Jl. Prof. DR. Satrio No.164, RT.3/RW.4, Karet Semanggi, Kota Jakarta Selatan",-6.2178246,106.8188785
Kopi Kenangan - Gedung GKBI,5,1,"Gedung GKBI, Suite G-01D, Jl. Jend. Sudirman No.28, RT.14/RW.1, Bend. Hilir, Kota Jakarta Pusat",-6.2175162,106.8127352
Kopi Kenangan - Teras Benhil,0,0,"Teras Benhil, Ground Floor, Jl. Bendungan Hilir No.34, RT.8/RW.1, Bend. Hilir, Kota Jakarta Pusat",-6.2141965,106.814934
Kopi Kenangan - Ruko Jalan Bek. Murad,4.7,12,"Ruko, Jl. Bek Murad No.30, RT.1/RW.1, Kuningan, Karet Kuningan, Kota Jakarta Selatan",-6.2163381,106.8201376
Kopi Kenangan,0,0,"Jl. Jend. Sudirman No.30, RT.8/RW.3, Kuningan, Karet Semanggi, Kota Jakarta Selatan",-6.2141179,106.818979
Kopi Kenangan - Ruko Rawa Belong,5,6,"Ruko Rawa Belong, Jl. Raya Kb. Jeruk No.11, RT.6/RW.12, Palmerah, Kota Jakarta Barat",-6.2005746,106.7827424
Kopi Kenangan - Kota Kasablanka,4.5,110,"Kota Kasablanka (The Common Unit GF-FSG 07, Jl. Casablanca No.88, RT.2/RW.14, Menteng Dalam, Kota Jakarta Selatan",-6.2236367,106.8434588
Kopi Kenangan - GO Kitchen Tebet,4.6,52,"5, Jl. Tebet Barat Dalam Raya No.64, RT.17/RW.3, Tebet Bar., Kota Jakarta Selatan",-6.2374225,106.8453921
Kopi Kenangan - Menara Karya,4.2,12,"Unnamed Road, RT.1/RW.2, Kuningan, Kuningan Tim., Kota Jakarta Selatan",-6.2332523,106.831227
Kopi Kenangan - Tempo Pavilion,4.4,11,"Gedung Tempo Pavilion 2 No.Kav 10, Jl. H. R. Rasuna Said No.Kav. X-2 No. 5, RT.16/RW.4, Kuningan, Kuningan Tim., Kota Jakarta Selatan",-6.2275573,106.8328598
Kopi Kenangan Pasar Festival,3,1,"RT.16/RW.4, Kuningan, Karet Kuningan, Kota Jakarta Selatan",-6.22278,106.83235
Kopi Kenangan - Tempo Scan Tower,4.5,44,"No.Kav3, Tempo Scan Tower Basement Level, Jl. H. R. Rasuna Said No.4, RT.5/RW.4, Kuningan Tim., Kota Jakarta Selatan",-6.235247,106.8292726
Kopi Kenangan - Cyber Tower,4,1,"GF, Cyber2 Tower, Jl. H. R. Rasuna Said No.13, RT.7/RW.2, Kuningan, Kuningan Tim., Kota Jakarta Selatan",-6.2263629,106.8323106
Kopi Kenangan - SPBU Jalan Supomo,4.5,10,"SPBU Jalan Supomo, Jl. Prof. DR. Soepomo No.57, RT.5/RW.1, Menteng Dalam, Kota Jakarta Selatan",-6.2384318,106.8442155
Kopi Kenangan,4.4,137,"RDTX Tower Lobby Level Jl. Prof Dr. Satrio kav. E4 no.6, RT.5/RW.2, Kuningan, Kuningan Tim., Kota Jakarta Selatan",-6.22457,106.825548
Kopi Kenangan - Wisma Mulia,4.7,19,"Hana Lounge, Wisma Mulia, Jl. Gatot Subroto No.42, RT.3/RW.2, Kuningan Barat, Kota Jakarta Selatan",-6.2351146,106.8234608
Kopi Kenangan - Lotte Shopping Avenue,4.3,31,"Lotte Shopping Avenue Food Avenue Lt. 4, Jl. Prof. DR. Satrio, RT.18/RW.4, Kuningan, Karet Kuningan, Kota Jakarta Selatan",-6.2256292,106.8235552
Kopi Kenangan - Menara Jamsostek,3.8,8,"Gedung Parkir Menara Jamsostek, Lantai 1, Jl. Gatot Subroto No.Kav.38, RT.6/RW.1, Kuningan Bar., Kota Jakarta Selatan",-6.2330304,106.8216022
Kopi Kenangan - Sopo Del Tower,3.6,16,"Jl. Mega Kuningan Barat III, RT.4/RW.5, Kuningan, Kuningan Tim., Kota Jakarta Selatan",-6.2281636,106.8245618
Kopi Kenangan - Capital Place,4.1,15,"Capital Place @Komunal, Jl. Gatot Subroto No.Kav 18, RT.6/RW.1, Kuningan Bar., Kota Jakarta Selatan",-6.232082,106.8203679
Kopi Kenangan - Electronic City SCBD,4,12,"Food Court Electronic City SCBD Lot 22, Lt. 2, Jl. Jend. Sudirman No.RT.5, RT.5/RW.1, Senayan, Kota Jakarta Selatan",-6.226337,106.8110659
Kopi Kenangan - Grab Kitchen Tendean,3.7,3,"Grab Kitchen Tendean, Jl. Kapten Tendean No.80, RT.5/RW.1, Mampang Prpt., Kota Jakarta Selatan",-6.2404892,106.8238725
Kopi Kenangan - Arta Graha,5,1,"Arta Graha, Basement, Jl. Jend. Sudirman No.Kav. 52 - 53, RT.5/RW.3, Senayan, Kota Jakarta Selatan",-6.2246172,106.811067
Kopi Kenangan - Equity Tower,4.4,39,"Equity Tower Sudirman Central Business District Lot 9, Jl. Jend. Sudirman No.Kav.52-53, RT.5/RW.3, Senayan, Kota Jakarta Selatan",-6.2265152,106.8085541
Kopi Kenangan - Graha CIMB Niaga,4.7,28,"Graha CIMB Niaga, Jl. Jend. Sudirman No.Kav 58, RT.5/RW.3, Senayan, Kota Jakarta Selatan",-6.2251271,106.8058992
Kopi Kenangan - Pacific Place,4,10,"Pacific Place Mall LG #16, Jl. Jend. Sudirman No.52-53, RT.5/RW.3, Senayan, Kota Jakarta Selatan",-6.224618,106.8099103
Kopi Kenangan - Summitmas Tower,5,4,"Gedung Summitmas II, Jl. Jend. Sudirman No.Kav 61- 62, RT.5/RW.3, Senayan, Kota Jakarta Selatan",-6.226099,106.8043416
Kopi Kenangan - Plaza Senayan,4.8,6,"Plaza Senayan, LG Floor, Jl. Asia Afrika No.8, RT.1/RW.3, Gelora, Kota Jakarta Pusat",-6.2255785,106.7990353
Kopi Kenangan - Kyai Maja,4.6,308,"Jl. Kyai Maja No.29, Kramat Pela, Kota Jakarta Selatan",-6.240839,106.7936003
Kopi Kenangan - Ratu Plaza,5,1,"Ratu Plaza, Ground Floor, Jl. Jend. Sudirman No.Kav. 9, RT.1/RW.3, Gelora, Kota Jakarta Pusat",-6.2267708,106.8010358
Kopi Kenangan - Mandiri Lounge Senayan City,4.2,5,"Mandiri Lounge Senayan City, LG Floor, Jl. Asia Afrika No.19, RT.1/RW.3, Gelora, Kota Jakarta Pusat",-6.2271849,106.7972822
Kantor perusahaan kopi kenangan,5,2,"Jl. Bumi, RT.3/RW.2, Gunung, Kota Jakarta Selatan",-6.2385567,106.7901642
Kopi Kenangan - Mall Metro Cipulir,4.3,23,"Mall Metro Cipulir, GF, Jl. Ciledug Raya, RT.1/RW.1, Ulujami, Kota Jakarta Selatan",-6.2383009,106.764058
Kopi Kenangan - Kalibata City,4.3,57,"Kalibata City Square, Jl. Raya Kalibata No.1 9 4, RT.9/RW.4, Rawajati, Kota Jakarta Selatan",-6.2558885,106.8519132
Kopi Kenangan - Plaza Kalibata,0,0,"GF, Plaza Kalibata, Jl. Raya Kalibata No.141, RT.3/RW.2, Rawajati, Kota Jakarta Selatan",-6.2572996,106.8559941
Kopi Kenangan - Bidakara,5,1,"Bidakara, Lantai Lobby, Jl. Gatot Subroto Jl. H Kavling No.71-73, RT.1/RW.1, Menteng Dalam, Kota Jakarta Selatan",-6.2418488,106.8409247
Kopi Kenangan - SOHO Pancoran,1,1,"SOHO Pancoran, GF, Jl. Letjen M.T. Haryono No.Kav. 2-3, RT.1/RW.6, Tebet Bar., Kota Jakarta Selatan",-6.2427134,106.8450447
Kopi Kenangan - Lippo Plaza Mampang,3.3,3,"Lippo Plaza Mampang, Ground Floor, Jl. Warung Buncit Raya No.12, RT.2/RW.5, Duren Tiga, Kota Jakarta Selatan",-6.2536282,106.8266892
Kopi Kenangan - La Codefin Kemang,4.7,49,"La Codefin Kemang, GF, Jl. Kemang I No.3-5",-6.2560731,106.8126514
Kopi Kenangan - Blok M Plaza,3.9,21,"Blok M Plaza, UG Floor, Jl. Bulungan No.78, RT.6/RW.6, Kramat Pela, Kota Jakarta Selatan",-6.2439342,106.797202
Kopi Kenangan - Pasaraya Blok M,4.4,122,"Pasaraya Blok M, GF, Jl. Iskandarsyah II No.3, RT.3/RW.1, Melawai, Kota Jakarta Selatan",-6.2439915,106.8027447
Kopi Kenangan - Gandaria City,4.3,49,"Gandaria City Mall, Lantai Upper Ground, Jl. Raya Kby. Lama No.10, RT.10/RW.6, Kby. Lama Utara, Kota Jakarta Selatan",-6.2448718,106.7834858
Kopi Kenangan - PGC (Pusat Grosir Cililitan),4,13,"Jalan Mayjen Sutoyo No.76 2 RT.2 13, Cililitan, Kota Jakarta Timur",-6.2618858,106.8655761
Kopi Kenangan - Lippo Plaza Kramat Jati,3.3,11,"Jl. Raya Bogor No.KM.19, RT.14/RW.6, Kramat Jati, Kota Jakarta Timur",-6.2713195,106.8680651
Kopi Kenangan - Shell Pasar Minggu,4.9,8,"Shell, Jl. Raya Pasar Minggu No.10, RT.2/RW.4, Kalibata, Kota Jakarta Selatan",-6.2643238,106.8429824
Kopi Kenangan - Lippo Mall Kemang,5,1,"Lippo Mall Kemang, Lantai UGM-OD, Jl. Pangeran Antasari No.36, RT.11/RW.5, Bangka, Kota Jakarta Selatan",-6.2607157,106.8127664
Kopi Kenangan - Grab Kitchen Fatmawati,4.1,9,"Grab Kitchen, Jl. RS. Fatmawati Raya Jl. Mangga No.22, Gandaria Sel., Kota Jakarta Selatan",-6.2704674,106.7971928
Kopi Kenangan - Shell Antasari,4.8,14,"Shell Antasari, Jl. Pangeran Antasari No.68, RT.4/RW.11, Cipete Utara, Kota Jakarta Selatan",-6.2654789,106.8081927
Kopi Kenangan,0,0,"SPBU Pertamina, Jl. Raya Bogor, RT.1/RW.5, Pekayon, Kota Jakarta Timur",-6.2709147,106.7962827
Kopi Kenangan - Lotte Mart Fatmawati,4.5,19,"Golden Fatmawati, Lotte Mart Fatmawati, Lantai Ground floor Komp, Jl. RS. Fatmawati Raya No.15, RT.8/RW.6, Gandaria Sel., Kota Jakarta Selatan",-6.2767867,106.7972352
Kopi Kenangan - Pondok Indah Mall 2,4,53,"Pondok Indah Mall 2 Lantai 3 Jl. Metro Pondok Indah No.Kav. IV, RT.1/RW.16, Pd. Pinang, Kota Jakarta Selatan",-6.2655739,106.782614
Kopi Kenangan - Shell Ciputat 1 (Container),3.5,4,"Shell Ciputat 1, Jl. Ciputat Raya No.1-4, RT.1/RW.2, Pd. Pinang, Kota Jakarta Selatan",-6.2610498,106.7757103
Kopi Kenangan - Bintaro Plaza,5,2,"Bintaro Plaza, Lantai 1, Jl. Raya Bintaro Utama Sektor 3A, Pd. Karya, Kota Tangerang Selatan",-6.2720993,106.7416892
Kopi Kenangan - Lotte Mart Bintaro,3.8,32,"Lotte Mart Bintaro, Lantai GF, JL M.H. Thamrin CBD Area Kav. Blok B7 01-06, Pd. Jaya, Kota Tangerang",-6.2750724,106.7235521
Kopi Kenangan - Pejaten Village,4.2,40,"Pejaten Village, Jl. Warung Jati Barat No.39, RT.1/RW.5, Jati Padang, Kota Jakarta Selatan",-6.2805394,106.8290841
Kopi Kenangan - Gedung Aurum Container,4.6,8,"Gedung Aurum Container, Jl. Ampera Raya No.12, RT.8/RW.2, Cilandak Tim., Kota Jakarta Selatan",-6.285856,106.8184233
Kopi Kenangan - Cibis Tower 9,0,0,Jl. TB Simatupang No.2,-6.2929005,106.8150792
Kopi Kenangan - Cilandak Town Square,3.8,9,"First Level, Town Square, Cilandak, Jl. TB Simatupang No.Kav. 17, RT.2/RW.1, Cilandak Bar., Kota Jakarta Selatan",-6.2917438,106.7997013
Kopi Kenangan - Alamanda Tower,5,2,"GF, Alamanda Tower, RT.1/RW.1, Cilandak Bar., Kota Jakarta Selatan",-6.2909744,106.8046101
Kopi Kenangan - Point Square,5,1,"Lt 3 Unit 3F 29, Jl. H. Ilyas No.168, RT.9/RW.7, Lb. Bulus, Kota Jakarta Selatan",-6.2900462,106.7777306
Kopi Kenangan - Ruko Lebak Bulus,1,1,"Ruko Jl. Bina Marga, RT.10/RW.10, Lb. Bulus, Jakarta",-6.2864857,106.775043
Kopi Kenangan - Ruko bawah St. MRT Lebak Bulus,5,1,"Jl. Lebak Bulus Raya No.45. I, RW.7, Pd. Pinang, Kota Jakarta Selatan",-6.2890088,106.773928
Kopi Kenangan - Giant Supermarket Rempoa,0,0,"Giant Supermarket, Jl. Rempoa Raya No.36, Rempoa, Kota Tangerang Selatan",-6.2833259,106.7608748
Kopi Kenangan - Grab Kitchen Pondok Aren,4.4,14,"Grab Kitchen, Jl. Tegal Rotan Raya No.50A, Sawah Baru, Kota Tangerang Selatan",-6.2843718,106.7257056
Kopi Kenangan - Bintaro Jaya Exchange,4.5,4,"Bintaro Jaya Xchange Mall, UG, Jl. Boulevard Bintaro Jaya No.2, Pd. Jaya, Kota Tangerang Selatan",-6.2853471,106.7278067
Kopi Kenangan - Mall Graha Cijantung,0,0,"Mall Graha Cijantung, GF, Jl. Pendidikan I No.1, RT.1/RW.4, Cijantung, Kota Jakarta Timur",-6.3125716,106.8618582
Kopi Kenangan - Plaza Oleos,4.1,94,"Jl. TB Simatupang No.53A, RT.2/RW.1, Kebagusan, Kota Jakarta Selatan",-6.2982583,106.8298938
Kopi Kenangan - Grab Kitchen Pasar Minggu,4.7,41,"Grab Kitchen Pasar Minggu, JL Raya Rawa bambu A.5 RT/RW 001/007, RT.1/RW.7, Ps. Minggu, Kota Jakarta Selatan",-6.2947968,106.8407033
Kopi Kenangan - Transmart Cilandak,4.5,2,"Transmart Cilandak, Lantai 1, Jl. Raya Cilandak KKKO No. 1A, RT.1/RW.5, Ragunan, Kota Jakarta Selatan",-6.3019184,106.8144273
Kopi Kenangan - One Bell Park Cinere,4,2,"One Bell Park Cinere, Ground Floor, Jl. RS. Fatmawati Raya No.1, RT.2/RW.1, Pd. Labu, Kota Jakarta Selatan",-6.3046389,106.7949669
Kopi Kenangan - Mayapada Hospital,4.4,76,"Mayapada Hospital Tower 2 Jalan Lebak Bulus I RT.1/RW.1 Lebak Bulus Kecamatan Cilandak , Daerah Khusus Ibukota, RT.6/RW.4, Cilandak Bar., Kota Jakarta Selatan",-6.2977751,106.7856979
Kopi Kenangan - Gojek Kitchen Cilandak,5,2,"Gojek Kitchen, Jl. Lebak Bulus Raya, RT.1/RW.4, Lb. Bulus, Kota Jakarta Selatan",-6.2995562,106.7748227
Kopi Kenangan - Ruko UIN,5,14,"Ruko UIN, l, Jl. Ir H. Juanda No.107, Cemp. Putih, Kota Tangerang Selatan",-6.3054492,106.7574247
Kopi Kenangan - Cinere Bellevue,4.8,11,"Cinere Bellevue, Jl. Merawan No.23, Pangkalan Jati, Kota Depok",-6.3175745,106.7822585
Kopi Kenangan - Mall Cinere,4.5,31,"Mall Cinere, Lantai 1, Jl. Cinere Raya, Blok, Jl. H. Rosyid No.38, Pangkalan Jati, Kota Depok",-6.3235195,106.7839152
Kopi Kenangan Maxxbox Cinere,0,0,"Puri, Pangkalan Jati, Depok City",-6.3214309,106.7835097
Kopi Kenangan - Living Plaza Pamulang,0,0,"Lt 1 Unit 1-IC-06&07, R.E. No.54, Jl. Laksamana R.E. Martadinata, Pd. Cabe Udik, Kota Tangerang Selatan",-6.344577,106.7499625
Kopi Kenangan - Shell Pamulang,4.4,36,"Shell, Jl. Pajajaran No.45, Pamulang Bar., Kota Tangerang Selatan",-6.3418122,106.737288
Kopi Kenangan - Ruko Margonda,4.7,32,"Margonda Residence, Jl. Margonda Raya No.485, Pondok Cina, Kota Depok",-6.3639882,106.8334762
Kopi Kenangan FEUI,3,2,"Fakultas Ekonomi UI, Kukusan, Depok City",-6.3609389,106.8254103
Kopi Kenangan - Giant Supermarket Cimanggis,4.6,5,"Giant Cimanggis, Jl. Raya Bogor No.KM. 31, Mekarsari, Kota Depok",-6.3710995,106.8608393
Kopi Kenangan - Pesona Square Depok,4.5,102,"Bakti Jaya, Depok City",-6.380905,106.8441465
Kopi Kenangan - The Park Sawangan,4.8,6,"The Park Sawangan, LG, Jl. Raya Cinangka No.38, RT.2/RW.4, Serua, Kota Depok",-6.3762872,106.7448082
