document_title,chapter_title,sub_chapter_title,content
Comprehensive Data Privacy Policy,1. Introduction,Purpose of the Policy,"At [Company Name], safeguarding the privacy and security of personal data is a foundational principle of our business operations. This Data Privacy Policy is designed to transparently communicate our unwavering commitment to the protection of personal information across all aspects of our operations, reflecting our dedication to ethical practices and legal compliance."
Comprehensive Data Privacy Policy,1. Introduction,Scope of the Policy,"This policy applies universally to all personal and sensitive information collected by [Company Name] from our customers, users, and employees. It encompasses all forms of data handling activities related to our services, products, and platforms, irrespective of the data collection medium or geographic location of the data subjects."
Comprehensive Data Privacy Policy,2. Data Collection Practices,Types of Data Collected,"- Personal Identification Information (PII) Includes but is not limited to names, email addresses, physical addresses, telephone numbers, and payment details.- Usage Data Comprises data on how individuals access and utilize our services, such as time stamps, clicked links, and viewed pages.- Interaction Data Consists of data generated from user interactions with our services, including customer support interactions, user feedback, and activity logs."
Comprehensive Data Privacy Policy,2. Data Collection Practices,Methods of Data Collection,"- Direct Interactions Data collected via account registrations, service subscriptions, purchases, and direct communications.- Automated Technologies Utilization of cookies, web beacons, and other similar technologies to gather data that helps us understand user preferences and site usage patterns."
Comprehensive Data Privacy Policy,2. Data Collection Practices,Purpose of Data Collection,"The data collected serves multiple purposes- To enhance the functionality and security of our services.- To personalize user experiences.- To support internal operations such as auditing, data analysis, and research to improve our offerings.- To train and refine our AI models, ensuring they are effective and ethical in their applications."
Comprehensive Data Privacy Policy,3. Data Storage and Management,Data Storage Locations,"Data is securely stored in state-of-the-art data centers located in the United States, the European Union, and other jurisdictions, depending on the nature of the data and the services provided. Each location is chosen based on stringent security standards and data protection compliance."
Comprehensive Data Privacy Policy,3. Data Storage and Management,Data Security Measures,"- Encryption Techniques Utilizing advanced encryption standards to protect data at rest and in transit.- Access Controls Implementation of role-based access controls (RBAC) to ensure that only authorized personnel have access to sensitive data, based on their job responsibilities.- Regular Security Audits Conducting comprehensive security audits and vulnerability assessments to proactively manage and mitigate risks."
Comprehensive Data Privacy Policy,3. Data Storage and Management,Data Retention Policy,"We adhere to a strict data retention policy that specifies the duration for which different types of data are held. Data is only retained as long as necessary to fulfill the stated purposes, after which it is securely deleted or anonymized."
Comprehensive Data Privacy Policy,4. Data Usage,Internal Use of Data,- Product and Service Enhancement Using collected data to improve existing services and develop new offerings.- AI Model Training Employing data in the training and refinement of AI algorithms to ensure accuracy and fairness.
Comprehensive Data Privacy Policy,4. Data Usage,Decision-Making Processes,"We utilize data-driven insights to facilitate automated and semi-automated decision-making processes. These are designed with a focus on fairness, accuracy, and accountability, incorporating mechanisms for human oversight and intervention when necessary."
Comprehensive Data Privacy Policy,4. Data Usage,User Benefits,"The use of data significantly enhances our ability to offer personalized and efficient services, improving overall user satisfaction and engagement."
Comprehensive Data Privacy Policy,5. Data Sharing and Disclosure,Circumstances Under Which Data is Shared,"- Service Providers Sharing with trusted partners who provide data processing services on our behalf, under strict confidentiality agreements.- Legal and Compliance Requirements Disclosing data when required by law, such as in response to legal processes or for compliance with regulatory obligations."
Comprehensive Data Privacy Policy,5. Data Sharing and Disclosure,Safeguards for Data Sharing,We implement robust contractual protections to ensure that any data shared is treated in accordance with our privacy standards and applicable laws.
Comprehensive Data Privacy Policy,5. Data Sharing and Disclosure,User Control and Consent,"Providing users with comprehensive control over their personal information, including mechanisms to grant or withdraw consent, access data, and request data deletion."
Comprehensive Data Privacy Policy,6. Rights of Data Subjects,Access to Data,"Users have the right to access their data and receive information about its processing, ensuring they can verify legality and accuracy."
Comprehensive Data Privacy Policy,6. Rights of Data Subjects,Data Correction and Deletion,"We provide options for users to correct inaccuracies in their data or to have it erased from our systems, subject to certain conditions."
Comprehensive Data Privacy Policy,6. Rights of Data Subjects,Data Portability,"Facilitating the right of data portability, allowing users to obtain and reuse their personal data across different services."
Comprehensive Data Privacy Policy,7. Policy Enforcement and Compliance,Compliance with Laws and Regulations,"Our policy adheres to international, federal, and state regulations, ensuring compliance with laws such as GDPR, CCPA, and others."
Comprehensive Data Privacy Policy,7. Policy Enforcement and Compliance,Reporting and Addressing Violations,"We have established a formal procedure for addressing data privacy concerns and policy violations, ensuring prompt and effective resolution."
Comprehensive Data Privacy Policy,7. Policy Enforcement and Compliance,Updates to the Policy,"  This policy may be updated periodically to reflect changes in our practices or legal requirements, with substantial changes communicated directly to users."
Comprehensive Data Privacy Policy,8. Contact Information,Contact Details for Privacy Concerns,"For further inquiries or concerns regarding our Data Privacy Policy, users can contact our Data Protection Officer at [privacy@email.com].At [Company Name], we are dedicated to maintaining the trust of our users by adhering to the highest standards of data privacy and security. We encourage all users to review this policy regularly to stay informed of how we protect their personal information."
Comprehensive AI Ethics Policy Document,1. Introduction,Not available,"This document articulates [Company Name]'s unwavering commitment to the ethical development, deployment, and management of artificial intelligence (AI). As a leader in AI innovation, we recognize our responsibility to ensure that our technologies enhance societal well-being and are utilized in a manner that respects human dignity and rights. This policy provides the ethical guidelines our employees and partners must follow to uphold integrity and promote the beneficial use of AI."
Comprehensive AI Ethics Policy Document,2. Scope,Not available,"This policy encompasses all AI-related activities at [Company Name], including the design, development, procurement, deployment, maintenance, and decommissioning of AI systems. It applies universally across our global operations, affecting all employees, contractors, consultants, and business partners involved with AI technologies."
Comprehensive AI Ethics Policy Document,3. Definitions,Not available,"- Artificial Intelligence (AI) Systems or machines that simulate human intelligence processes, capable of learning from data and experience, making autonomous decisions, and performing tasks traditionally requiring human intelligence.- Fairness The attribute of an AI system that impartially, justly, and equitably handles decisions without embedding or perpetuating biases.- Transparency The quality of being open in communication and documentation regarding the methodologies, data, and algorithms used in AI systems.- Non-Discrimination The assurance that AI systems do not engage in or propagate biases based on race, gender, ethnicity, religion, or other prohibited factors.- Accountability The principle that individuals and organizations are responsible for the outcomes of AI systems, including the obligation to rectify any harm caused."
Comprehensive AI Ethics Policy Document,4. Principles,4.1 Fairness,"- Develop and implement an ongoing bias monitoring framework that includes periodic reviews of AI systems to identify and mitigate biases.- Collaborate with interdisciplinary teams, including ethicists and sociologists, to understand and address the nuances of fairness in diverse cultural and social contexts."
Comprehensive AI Ethics Policy Document,4. Principles,4.2 Transparency,"- Enhance transparency by developing interfaces that allow users to query AI decisions and receive explanations in understandable terms.- Document all AI systems' decision-making processes and methodologies, ensuring that this documentation is accessible to all relevant stakeholders and regularly updated."
Comprehensive AI Ethics Policy Document,4. Principles,4.3 Non-Discrimination,- Establish a rigorous protocol for the continuous auditing of AI algorithms and training data sets to detect and correct biases that could lead to discriminatory outcomes.- Create an independent review committee to evaluate and approve all new AI projects for compliance with non-discrimination standards before they are deployed.
Comprehensive AI Ethics Policy Document,4. Principles,4.4 Accountability,"- Implement a standardized AI incident reporting system, which ensures all potential issues are logged, investigated, and addressed promptly.- Define clear escalation paths for ethical concerns related to AI, including a direct line to the AI Ethics Board."
Comprehensive AI Ethics Policy Document,5. Implementation,5.1 Governance,"- Enhance the role of the AI Ethics Board to include periodic ethical reviews of existing AI systems, not just new projects, with the authority to recommend modifications or discontinuations based on ethical evaluations.- Introduce a third-party ethics audit performed annually to provide an unbiased assessment of our AI practices."
Comprehensive AI Ethics Policy Document,5. Implementation,5.2 Risk Assessment,"- Develop a comprehensive ethical risk assessment toolkit that includes templates, best practices, and guidelines to standardize the assessment process across the company.- Employ predictive modeling to forecast potential ethical issues under various operational scenarios and use these insights to guide AI system development."
Comprehensive AI Ethics Policy Document,5. Implementation,5.3 Training and Awareness,"- Establish a continuous learning program on AI ethics, mandating regular updates to training content as ethical standards and technologies evolve.- Promote an ethical AI culture by integrating ethics discussions into regular team meetings and decision-making processes."
Comprehensive AI Ethics Policy Document,5. Implementation,5.4 Reporting and Auditing,"- Set up an anonymous ethics violation reporting system, encouraging stakeholders to report any unethical AI practices without fear of retribution.- Publicly release a detailed annual report on ethical practices, challenges, and advancements in AI to maintain transparency and encourage industry-wide ethical standards."
Comprehensive AI Ethics Policy Document,6. Enforcement,Not available,"- Specify the procedures for handling violations of this ethics policy, including detailed descriptions of disciplinary actions ranging from warnings to termination, depending on the severity of the breach."
Comprehensive AI Ethics Policy Document,7. Review and Updates,Not available,"- Commit to a biannual review cycle for this policy to stay aligned with technological advancements, legal changes, and evolving societal norms regarding AI ethics."
Model Governance Policy,1. Introduction,1.1 Purpose,"This document delineates the guiding principles and procedures for the governance of artificial intelligence (AI) model development, deployment, and monitoring within our organization. It aims to establish a robust framework that ensures our AI models operate effectively, ethically, and in compliance with all applicable regulations. The policy serves to safeguard our technological innovations, uphold our ethical commitments, and maintain stakeholder trust."
Model Governance Policy,1. Introduction,1.2 Scope,"The Model Governance Policy applies to all AI models developed, deployed, or managed by our company, across all departments and subsidiaries. It includes models at various stages of the lifecycle, from initial conception and development through to deployment and continuous monitoring."
Model Governance Policy,1. Introduction,1.3 Audience,"This policy is intended for a broad range of stakeholders including AI developers, project managers, compliance officers, and executive leadership. Each role has a responsibility to understand and implement the guidelines set forth in this policy to ensure effective and ethical model governance."
Model Governance Policy,2. Policy Statement,2.1 Commitment to Ethical AI,"Our company is committed to the highest standards of ethical conduct in all our AI endeavors. We pledge to develop and deploy AI technologies that are fair, transparent, accountable, and secure, respecting privacy and ensuring non-discrimination."
Model Governance Policy,3. Definitions and Key Terms,3.1 Glossary,"AI Model A software algorithm designed to perform tasks that typically require human intelligence, such as decision-making, prediction, or pattern recognition.Deployment The process of integrating an AI model into operational environments where it can start performing its intended tasks.Monitoring Continuous oversight of AI models to ensure they operate as expected and do not deviate from predefined norms and ethics."
Model Governance Policy,4. Governance Structure,4.1 Governance Roles and Responsibilities,- AI Governance Board Oversees all AI initiatives and ensures adherence to this policy.- Model Owners Responsible for the performance and compliance of specific AI models.- Data Scientists Tasked with the development and fine-tuning of AI models according to ethical guidelines.
Model Governance Policy,4. Governance Structure,4.2 Decision-Making Authorities,"Decision-making within the realm of AI model governance is distributed according to the criticality and impact of the decisions. Routine decisions are managed at the departmental level, while strategic and high-impact decisions are escalated to the AI Governance Board."
Model Governance Policy,5. Development and Testing,5.1 Model Design and Development Process,"AI model development must follow a structured process that includes requirement gathering, design, development, and initial testing phases. Each phase should be documented thoroughly to ensure transparency and accountability. The design phase should consider ethical implications, potential biases, and intended and unintended uses of the model."
Model Governance Policy,5. Development and Testing,5.2 Testing and Validation,"Models must undergo rigorous testing to validate their accuracy, performance, and fairness. Validation tests should be designed to cover various operational scenarios and should include stress and failure mode analysis. Documentation of all test results is mandatory for auditability and further review."
Model Governance Policy,6. Deployment,6.1 Deployment Procedures,"Before deployment, AI models must be reviewed by the AI Governance Board to ensure compliance with all internal and external standards. This review includes a final round of testing focused on security and performance under expected operational conditions."
Model Governance Policy,6. Deployment,6.2 Deployment Monitoring,"Post-deployment, AI models require continuous monitoring to detect and correct any deviation from their expected operational performance or ethical standards. Monitoring strategies include the implementation of automated performance tracking tools and periodic model audits."
Model Governance Policy,7. Monitoring and Maintenance,7.1 Performance Monitoring,Continuous performance evaluation is essential to ensure that AI models function as intended over time. This involves regular checks against performance metrics and real-world outcomes to identify any degradation or deviation from expected results.
Model Governance Policy,7. Monitoring and Maintenance,7.2 Model Updating and Maintenance,"Models must be maintained and updated regularly to adapt to new data, changing environments, or updated regulatory requirements. The maintenance schedule and procedures should be clearly defined and followed meticulously to ensure ongoing relevance and compliance of the AI models."
Model Governance Policy,8. Compliance and Reporting,8.1 Regulatory Compliance,"All model governance activities must adhere to relevant local, national, and international AI regulations. This compliance is critical not only for legal reasons but also to maintain public trust and uphold ethical standards."
Model Governance Policy,8. Compliance and Reporting,8.2 Reporting Mechanisms,The company maintains a detailed reporting system for all AI governance activities. These reports are made available to regulatory bodies as required and are an essential tool for internal audits and transparency.
Model Governance Policy,9. Risk Management,9.1 Risk Identification and Assessment,"Identifying potential risks associated with AI models, including ethical risks, technical failures, and data privacy concerns, is crucial. Each identified risk must be assessed for its impact and likelihood."
Model Governance Policy,9. Risk Management,9.2 Risk Response and Mitigation,"For each identified risk, a specific mitigation strategy must be developed and implemented. These strategies may include additional training, enhanced security measures, or changes to model development practices."
Model Governance Policy,10. Training and Awareness,10.1 Employee Training Programs,"We provide comprehensive training to all employees involved in AI development and management. This training covers technical aspects of AI, ethical considerations, and policy guidelines."
Model Governance Policy,10. Training and Awareness,10.2 Awareness Campaigns,"Regular awareness campaigns are conducted to keep all staff informed about the latest developments in AI governance, emerging ethical considerations, and new regulatory requirements."
Model Governance Policy,11. Policy Review and Update,11.1 Review Schedule,This policy is reviewed bi-annually to ensure its relevance and effectiveness. Reviews are conducted by the AI Governance Board in consultation with key stakeholders.
Model Governance Policy,11. Policy Review and Update,11.2 Updating Procedures,"Any updates to the policy must be thoroughly documented, approved by the AI Governance Board, and communicated to all affected parties before implementation."
Model Governance Policy,12. Appendices and Supporting Documents,12.1 Related Documents,"Related policies, guidelines, and documents are listed in the Appendix. These documents provide additional information and operational details supporting this policy."
Model Governance Policy,12. Appendices and Supporting Documents,12.2 Contact Information,"For questions or clarifications regarding any aspect of this policy, please refer to the contact list provided in the Appendix.This document aims to ensure that all AI-related activities are conducted responsibly, ethically, and in compliance with all necessary guidelines and regulations, maintaining the integrity and trustworthiness of our AI applications."
